Year,GDP,Hours,Wages,CPI,Bank rate
Year,Real GDP of England,Average weekly hours worked,Average weekly earnings,Consumer price index,Bank rate
Units,"£mn 2013, CV measure",Hours,£ 2013,2015=100,%
1209,,,0.03,0.08,
1210,,,0.03,0.08,
1211,,,0.03,0.09,
1212,,,0.03,0.08,
1213,,,0.04,0.08,
1214,,,0.04,0.08,
1215,,,0.04,0.08,
1216,,,0.03,0.09,
1217,,,0.03,0.1,
1218,,,0.03,0.12,
1219,,,0.04,0.11,
1220,,,0.03,0.1,
1221,,,0.03,0.11,
1222,,,0.03,0.09,
1223,,,0.04,0.08,
1224,,,0.04,0.09,
1225,,,0.03,0.13,
1226,,,0.03,0.12,
1227,,,0.03,0.12,
1228,,,0.03,0.12,
1229,,,0.03,0.12,
1230,,,0.03,0.11,
1231,,,0.03,0.11,
1232,,,0.03,0.11,
1233,,,0.03,0.1,
1234,,,0.03,0.1,
1235,,,0.03,0.1,
1236,,,0.03,0.1,
1237,,,0.03,0.11,
1238,,,0.03,0.11,
1239,,,0.03,0.11,
1240,,,0.03,0.1,
1241,,,0.03,0.1,
1242,,,0.03,0.1,
1243,,,0.03,0.09,
1244,,,0.03,0.09,
1245,,,0.03,0.09,
1246,,,0.03,0.1,
1247,,,0.03,0.14,
1248,,,0.03,0.13,
1249,,,0.03,0.1,
1250,,,0.03,0.11,
1251,,,0.03,0.1,
1252,,,0.03,0.1,
1253,,,0.03,0.12,
1254,,,0.03,0.09,
1255,,,0.03,0.09,
1256,,,0.04,0.12,
1257,,,0.03,0.14,
1258,,,0.03,0.14,
1259,,,0.04,0.13,
1260,,45.38,0.04,0.12,
1261,,45.34,0.03,0.12,
1262,,45.31,0.04,0.12,
1263,,45.27,0.04,0.11,
1264,,45.23,0.03,0.11,
1265,,45.2,0.03,0.12,
1266,,45.17,0.03,0.12,
1267,,45.13,0.03,0.13,
1268,,45.1,0.03,0.11,
1269,,45.07,0.03,0.13,
1270,3518,45.04,0.03,0.13,
1271,3481,45.01,0.03,0.16,
1272,3612,44.99,0.03,0.17,
1273,3407,44.96,0.03,0.14,
1274,3394,44.93,0.03,0.16,
1275,3880,44.91,0.03,0.16,
1276,3414,44.89,0.03,0.14,
1277,3646,44.86,0.03,0.16,
1278,3780,44.84,0.03,0.14,
1279,3137,44.82,0.03,0.13,
1280,3187,44.57,0.03,0.14,
1281,3390,44.57,0.03,0.13,
1282,3290,44.58,0.03,0.15,
1283,3130,44.6,0.03,0.15,
1284,3239,44.64,0.03,0.15,
1285,3283,44.7,0.03,0.12,
1286,3238,44.77,0.03,0.13,
1287,3547,44.85,0.03,0.12,
1288,3441,44.95,0.03,0.1,
1289,3178,45.06,0.03,0.11,
1290,3225,45.56,0.03,0.12,
1291,3231,45.68,0.03,0.15,
1292,3403,45.79,0.03,0.14,
1293,3483,45.9,0.03,0.14,
1294,3457,45.99,0.03,0.16,
1295,3702,46.08,0.03,0.17,
1296,3850,46.17,0.03,0.16,
1297,3683,46.24,0.03,0.14,
1298,3874,46.31,0.03,0.15,
1299,3731,46.37,0.03,0.15,
1300,3705,45.52,0.03,0.15,
1301,3731,45.61,0.03,0.14,
1302,3828,45.76,0.03,0.14,
1303,3986,45.95,0.03,0.13,
1304,3606,46.19,0.03,0.12,
1305,3706,46.48,0.03,0.14,
1306,3598,46.81,0.03,0.14,
1307,3772,47.19,0.03,0.13,
1308,3816,47.62,0.03,0.15,
1309,3910,48.1,0.03,0.17,
1310,3858,50.93,0.03,0.18,
1311,3994,51.36,0.03,0.18,
1312,3888,51.69,0.03,0.15,
1313,3957,51.94,0.03,0.15,
1314,3957,52.09,0.03,0.16,
1315,3556,52.14,0.03,0.17,
1316,3356,52.1,0.03,0.24,
1317,3511,51.97,0.04,0.24,
1318,3873,51.75,0.03,0.18,
1319,3890,51.43,0.03,0.14,
1320,3762,50.05,0.04,0.15,
1321,3181,49.6,0.04,0.16,
1322,3347,49.12,0.04,0.22,
1323,3472,48.61,0.03,0.19,
1324,3163,48.06,0.04,0.16,
1325,3423,47.48,0.03,0.17,
1326,3488,46.86,0.03,0.15,
1327,3449,46.21,0.03,0.13,
1328,3223,45.52,0.04,0.14,
1329,3411,44.8,0.03,0.16,
1330,3343,43.38,0.04,0.16,
1331,3205,42.63,0.03,0.17,
1332,3394,41.89,0.04,0.17,
1333,3517,41.15,0.04,0.14,
1334,3422,40.42,0.03,0.13,
1335,3299,39.69,0.04,0.13,
1336,3476,38.97,0.04,0.14,
1337,3876,38.25,0.04,0.13,
1338,3976,37.54,0.03,0.12,
1339,3265,36.84,0.03,0.11,
1340,3680,36.11,0.03,0.14,
1341,3741,35.42,0.03,0.12,
1342,3940,34.74,0.03,0.12,
1343,3854,34.06,0.03,0.12,
1344,4140,33.39,0.03,0.14,
1345,3879,32.73,0.03,0.12,
1346,3709,32.08,0.03,0.13,
1347,3877,31.43,0.03,0.15,
1348,4000,30.79,0.03,0.15,
1349,3062,30.16,0.04,0.12,
1350,2841,28.82,0.06,0.15,
1351,2674,28.25,0.06,0.18,
1352,2767,27.72,0.06,0.2,
1353,2771,27.25,0.05,0.16,
1354,2650,26.83,0.06,0.15,
1355,2727,26.45,0.05,0.16,
1356,2686,26.13,0.06,0.16,
1357,2733,25.86,0.06,0.17,
1358,2743,25.64,0.05,0.17,
1359,2768,25.47,0.05,0.16,
1360,2746,26.24,0.06,0.16,
1361,2645,26.11,0.06,0.16,
1362,2572,25.98,0.06,0.15,
1363,2493,25.85,0.06,0.18,
1364,2765,25.72,0.06,0.19,
1365,2638,25.58,0.06,0.17,
1366,2714,25.44,0.06,0.16,
1367,2543,25.3,0.06,0.16,
1368,2521,25.15,0.06,0.18,
1369,2351,25,0.06,0.18,
1370,2630,24.24,0.06,0.25,
1371,2541,24.11,0.06,0.18,
1372,2295,24.03,0.07,0.17,
1373,2481,23.97,0.07,0.18,
1374,2278,23.95,0.07,0.16,
1375,2194,23.96,0.07,0.19,
1376,2532,24,0.07,0.19,
1377,2603,24.08,0.07,0.15,
1378,2555,24.19,0.07,0.14,
1379,2327,24.34,0.07,0.13,
1380,2414,25,0.06,0.16,
1381,2458,25.18,0.07,0.16,
1382,2523,25.37,0.07,0.15,
1383,2393,25.56,0.07,0.15,
1384,2687,25.75,0.07,0.15,
1385,2431,25.94,0.07,0.14,
1386,2698,26.14,0.07,0.15,
1387,2698,26.34,0.07,0.14,
1388,2477,26.54,0.07,0.13,
1389,2546,26.75,0.06,0.12,
1390,2370,27.4,0.06,0.15,
1391,2637,27.59,0.07,0.18,
1392,2952,27.76,0.06,0.15,
1393,2427,27.9,0.06,0.13,
1394,2652,28.02,0.06,0.13,
1395,2525,28.11,0.07,0.13,
1396,2527,28.19,0.07,0.14,
1397,2459,28.24,0.07,0.16,
1398,2619,28.26,0.06,0.16,
1399,2501,28.27,0.07,0.15,
1400,2419,27.27,0.07,0.15,
1401,2386,27.29,0.07,0.16,
1402,2448,27.34,0.07,0.18,
1403,2486,27.43,0.07,0.16,
1404,2526,27.55,0.07,0.14,
1405,2529,27.71,0.07,0.14,
1406,2344,27.91,0.07,0.13,
1407,2345,28.14,0.07,0.14,
1408,2168,28.41,0.07,0.15,
1409,2242,28.71,0.07,0.17,
1410,2381,30.22,0.07,0.18,
1411,2330,30.52,0.07,0.16,
1412,2275,30.79,0.07,0.14,
1413,2061,31.03,0.07,0.15,
1414,2341,31.23,0.07,0.14,
1415,2393,31.39,0.07,0.14,
1416,2307,31.53,0.07,0.16,
1417,2520,31.62,0.07,0.18,
1418,2390,31.68,0.07,0.15,
1419,2516,31.71,0.07,0.16,
1420,2453,31.35,0.07,0.14,
1421,2289,31.33,0.07,0.15,
1422,2363,31.3,0.07,0.15,
1423,2492,31.25,0.07,0.14,
1424,2510,31.19,0.07,0.14,
1425,2422,31.11,0.07,0.15,
1426,2348,31.03,0.07,0.14,
1427,2285,30.92,0.07,0.13,
1428,2144,30.81,0.08,0.14,
1429,2217,30.68,0.07,0.17,
1430,2280,30.08,0.08,0.17,
1431,2289,29.95,0.07,0.15,
1432,2259,29.84,0.07,0.13,
1433,2324,29.74,0.08,0.16,
1434,2461,29.76,0.08,0.15,
1435,2184,29.79,0.08,0.14,
1436,2033,29.81,0.07,0.15,
1437,1950,29.84,0.07,0.15,
1438,2045,29.86,0.08,0.19,
1439,2134,29.89,0.08,0.2,
1440,2152,29.91,0.08,0.17,
1441,1901,29.94,0.08,0.13,
1442,1967,29.96,0.08,0.13,
1443,2377,29.99,0.08,0.13,
1444,2372,30.02,0.08,0.13,
1445,2044,30.04,0.08,0.13,
1446,2172,30.07,0.08,0.15,
1447,2223,30.09,0.08,0.15,
1448,2295,30.12,0.08,0.14,
1449,2104,30.14,0.08,0.14,
1450,2167,30.17,0.08,0.14,
1451,2177,30.19,0.08,0.15,
1452,2154,30.22,0.08,0.15,
1453,2178,30.24,0.08,0.14,
1454,2184,30.27,0.08,0.14,
1455,2173,30.3,0.07,0.13,
1456,2202,30.32,0.08,0.14,
1457,2019,30.35,0.08,0.14,
1458,2142,30.37,0.08,0.15,
1459,2114,30.4,0.08,0.15,
1460,2119,30.42,0.08,0.15,
1461,2132,30.45,0.08,0.16,
1462,2336,30.48,0.08,0.17,
1463,2370,30.5,0.07,0.13,
1464,2166,30.53,0.08,0.12,
1465,2108,30.55,0.08,0.14,
1466,2096,30.58,0.07,0.14,
1467,2165,30.6,0.07,0.15,
1468,2265,30.63,0.07,0.15,
1469,2239,30.66,0.07,0.15,
1470,2180,30.68,0.07,0.15,
1471,2088,30.71,0.07,0.15,
1472,2162,30.73,0.08,0.15,
1473,2149,30.76,0.07,0.13,
1474,2268,30.79,0.08,0.13,
1475,2205,30.81,0.08,0.14,
1476,2049,30.84,0.08,0.14,
1477,2148,30.86,0.08,0.14,
1478,2212,30.89,0.07,0.16,
1479,2343,30.92,0.07,0.16,
1480,2415,30.94,0.07,0.15,
1481,2312,30.97,0.07,0.15,
1482,2215,30.99,0.07,0.17,
1483,2327,31.02,0.08,0.19,
1484,2308,31.05,0.07,0.17,
1485,2186,31.07,0.08,0.15,
1486,2426,31.1,0.08,0.15,
1487,2222,31.13,0.08,0.15,
1488,2272,31.15,0.06,0.15,
1489,2327,31.18,0.07,0.15,
1490,2345,31.2,0.06,0.15,
1491,2369,31.23,0.06,0.16,
1492,2401,31.26,0.09,0.15,
1493,2366,31.28,0.08,0.14,
1494,2482,31.31,0.08,0.14,
1495,2437,31.34,0.07,0.14,
1496,2364,31.36,0.08,0.13,
1497,2526,31.39,0.07,0.15,
1498,2555,31.42,0.07,0.14,
1499,2569,31.44,0.08,0.15,
1500,2530,31.47,0.07,0.14,
1501,2441,31.5,0.07,0.16,
1502,2531,31.52,0.07,0.17,
1503,2642,31.55,0.08,0.16,
1504,2651,31.58,0.07,0.16,
1505,2681,31.6,0.07,0.15,
1506,2694,31.63,0.07,0.14,
1507,2646,31.66,0.07,0.15,
1508,2685,31.68,0.07,0.15,
1509,2811,31.71,0.07,0.12,
1510,2713,31.74,0.07,0.13,
1511,2769,31.76,0.07,0.13,
1512,2647,31.79,0.07,0.15,
1513,2763,31.82,0.07,0.18,
1514,2759,31.84,0.07,0.15,
1515,2835,31.87,0.07,0.16,
1516,2811,31.9,0.08,0.17,
1517,2820,31.92,0.07,0.15,
1518,2836,31.95,0.07,0.16,
1519,2811,31.98,0.08,0.16,
1520,2772,32.01,0.08,0.18,
1521,2839,32.03,0.08,0.2,
1522,2890,32.06,0.08,0.18,
1523,2965,32.09,0.08,0.18,
1524,3027,32.11,0.08,0.17,
1525,3028,32.14,0.07,0.15,
1526,3066,32.17,0.07,0.15,
1527,2864,32.2,0.07,0.17,
1528,2908,32.22,0.07,0.24,
1529,2970,32.25,0.07,0.19,
1530,3026,32.28,0.08,0.19,
1531,2941,32.3,0.07,0.2,
1532,3062,32.33,0.07,0.2,
1533,3065,32.36,0.07,0.2,
1534,3221,32.39,0.08,0.17,
1535,3018,32.41,0.06,0.2,
1536,3001,32.44,0.06,0.2,
1537,3252,32.73,0.08,0.21,
1538,3097,33.01,0.08,0.18,
1539,3361,33.3,0.07,0.17,
1540,3268,33.6,0.08,0.18,
1541,3175,33.89,0.08,0.2,
1542,3318,34.19,0.08,0.19,
1543,3217,34.49,0.08,0.21,
1544,3419,34.8,0.08,0.22,
1545,3308,35.1,0.08,0.25,
1546,3353,35.41,0.08,0.27,
1547,3623,35.72,0.09,0.2,
1548,3504,36.04,0.09,0.2,
1549,3382,36.35,0.09,0.25,
1550,3379,36.67,0.11,0.31,
1551,3326,36.99,0.1,0.35,
1552,3190,37.32,0.11,0.31,
1553,3747,37.65,0.11,0.28,
1554,3430,37.98,0.11,0.27,
1555,3419,38.31,0.11,0.33,
1556,2813,38.65,0.11,0.4,
1557,3076,38.99,0.12,0.43,
1558,3906,39.33,0.11,0.29,
1559,3581,39.68,0.09,0.31,
1560,3574,40.03,0.12,0.33,
1561,3651,40.38,0.13,0.36,
1562,3658,40.73,0.13,0.36,
1563,4011,41.09,0.12,0.37,
1564,3878,41.45,0.13,0.39,
1565,3916,41.82,0.13,0.33,
1566,4413,42.19,0.13,0.34,
1567,4167,42.56,0.13,0.32,
1568,4203,42.93,0.12,0.32,
1569,4198,43.31,0.13,0.35,
1570,3873,43.69,0.14,0.34,
1571,3889,44.07,0.12,0.33,
1572,3786,44.46,0.12,0.36,
1573,4351,44.85,0.15,0.38,
1574,3862,45.25,0.14,0.44,
1575,4330,45.64,0.14,0.38,
1576,4497,46.05,0.13,0.39,
1577,3848,46.45,0.13,0.42,
1578,4424,46.86,0.13,0.39,
1579,4383,46.91,0.14,0.39,
1580,4181,46.96,0.13,0.37,
1581,4063,47.01,0.14,0.42,
1582,3664,47.05,0.14,0.42,
1583,4181,47.1,0.14,0.4,
1584,4069,47.15,0.14,0.4,
1585,3585,47.2,0.14,0.42,
1586,3523,47.25,0.14,0.5,
1587,3919,47.3,0.15,0.5,
1588,4397,47.35,0.15,0.42,
1589,3874,47.4,0.14,0.44,
1590,4145,47.45,0.15,0.49,
1591,4177,47.5,0.13,0.49,
1592,4515,47.55,0.14,0.44,
1593,4780,47.59,0.15,0.46,
1594,3914,47.64,0.15,0.53,
1595,3959,47.69,0.16,0.59,
1596,3783,47.74,0.15,0.63,
1597,3610,47.79,0.15,0.72,
1598,4274,47.84,0.15,0.65,
1599,4916,47.89,0.13,0.53,
1600,4705,47.94,0.15,0.55,
1601,4704,47.94,0.15,0.55,
1602,4960,47.94,0.15,0.54,
1603,5265,47.94,0.15,0.51,
1604,5613,47.94,0.16,0.52,
1605,5060,47.94,0.16,0.55,
1606,5338,47.94,0.16,0.56,
1607,4896,47.94,0.17,0.57,
1608,4674,47.94,0.16,0.66,
1609,5436,47.94,0.15,0.67,
1610,5774,47.94,0.17,0.59,
1611,5318,47.94,0.17,0.61,
1612,5096,47.94,0.17,0.64,
1613,4927,47.94,0.16,0.68,
1614,4752,47.94,0.17,0.67,
1615,5176,47.94,0.16,0.65,
1616,4901,47.94,0.17,0.66,
1617,5411,47.94,0.17,0.67,
1618,5415,47.94,0.17,0.67,
1619,4985,47.94,0.17,0.62,
1620,5841,47.94,0.17,0.58,
1621,5879,47.94,0.17,0.62,
1622,5163,47.94,0.16,0.7,
1623,5152,47.94,0.17,0.68,
1624,5817,47.94,0.17,0.66,
1625,5864,47.94,0.17,0.68,
1626,5572,47.94,0.18,0.68,
1627,5621,47.94,0.18,0.63,
1628,6446,47.94,0.19,0.62,
1629,4812,47.94,0.18,0.65,
1630,4749,47.94,0.18,0.76,
1631,4833,47.94,0.19,0.82,
1632,5499,47.94,0.18,0.75,
1633,5190,47.94,0.19,0.74,
1634,5318,47.94,0.18,0.75,
1635,5526,47.94,0.19,0.75,
1636,5253,47.94,0.2,0.77,
1637,5185,47.94,0.18,0.78,
1638,5672,47.94,0.19,0.81,
1639,5776,47.94,0.2,0.73,
1640,5929,47.94,0.2,0.69,
1641,5202,47.94,0.2,0.75,
1642,5743,47.94,0.2,0.71,
1643,6147,47.94,0.2,0.73,
1644,6158,47.94,0.2,0.71,
1645,5360,47.94,0.2,0.72,
1646,5393,47.94,0.2,0.76,
1647,5448,47.94,0.21,0.89,
1648,5512,47.94,0.21,0.98,
1649,5422,47.94,0.2,0.96,
1650,5195,48.01,0.21,0.92,
1651,5482,48.08,0.22,0.89,
1652,6270,48.15,0.2,0.8,
1653,6994,48.21,0.22,0.74,
1654,6839,48.28,0.22,0.65,
1655,7236,48.35,0.21,0.62,
1656,6689,48.42,0.25,0.72,
1657,6301,48.49,0.21,0.76,
1658,6123,48.56,0.23,0.83,
1659,5132,48.63,0.22,0.89,
1660,5598,48.7,0.22,0.83,
1661,5749,48.77,0.21,0.9,
1662,5857,48.84,0.22,0.93,
1663,6848,48.9,0.24,0.91,
1664,6484,48.97,0.27,0.86,
1665,6686,49.04,0.22,0.86,
1666,7550,49.11,0.24,0.83,
1667,7584,49.18,0.23,0.79,
1668,6830,49.25,0.23,0.79,
1669,7002,49.32,0.22,0.76,
1670,6793,49.39,0.23,0.76,
1671,6536,49.46,0.22,0.76,
1672,6466,49.53,0.22,0.73,
1673,6635,49.6,0.23,0.72,
1674,6334,49.68,0.22,0.77,
1675,6500,49.75,0.23,0.83,
1676,7681,49.82,0.23,0.79,
1677,7126,49.89,0.22,0.73,
1678,7410,49.96,0.22,0.74,
1679,6898,50.03,0.21,0.78,
1680,7718,50.1,0.22,0.76,
1681,6924,50.17,0.23,0.74,
1682,7214,50.24,0.22,0.74,
1683,7779,50.32,0.22,0.72,
1684,6506,50.39,0.22,0.73,
1685,7154,50.46,0.22,0.75,
1686,6640,50.53,0.24,0.76,
1687,7304,50.6,0.21,0.67,
1688,7804,50.67,0.22,0.67,
1689,7617,50.75,0.24,0.66,
1690,8132,50.82,0.23,0.67,
1691,8270,50.89,0.22,0.68,
1692,8945,50.96,0.22,0.67,
1693,7610,51.04,0.22,0.71,
1694,9039,51.11,0.23,0.78,
1695,8648,51.18,0.22,0.78,3.63
1696,8281,51.25,0.23,0.82,3
1697,8222,51.33,0.21,0.82,3
1698,8462,51.4,0.22,0.86,3
1699,8158,51.47,0.22,0.89,3.75
1700,8668,51.55,0.22,0.77,4.5
1701,9444,51.59,0.22,0.67,4.5
1702,9198,51.63,0.23,0.67,4.5
1703,8607,51.68,0.23,0.63,4.5
1704,10244,51.72,0.23,0.66,4.5
1705,9721,51.77,0.23,0.6,4.5
1706,8230,51.81,0.23,0.68,4.5
1707,9245,51.86,0.23,0.59,4.5
1708,9838,51.9,0.23,0.62,4.5
1709,8521,51.95,0.21,0.72,4.5
1710,7745,51.99,0.22,0.82,4.5
1711,8443,52.04,0.22,0.91,4.5
1712,8434,52.08,0.23,0.68,4.5
1713,8070,52.13,0.23,0.65,4.5
1714,8875,52.17,0.23,0.69,4.5
1715,8624,52.22,0.24,0.7,4.5
1716,8948,52.26,0.23,0.67,4.29
1717,9450,52.31,0.24,0.64,4
1718,9982,52.35,0.24,0.63,4
1719,9804,52.4,0.23,0.65,4.67
1720,10427,52.44,0.24,0.69,5
1721,10018,52.49,0.23,0.67,5
1722,10123,52.53,0.22,0.62,5
1723,9877,52.58,0.24,0.6,5
1724,9776,52.62,0.23,0.63,5
1725,10029,52.67,0.22,0.65,5
1726,9718,52.71,0.23,0.69,5
1727,9656,52.76,0.23,0.65,5
1728,9949,52.8,0.23,0.67,5
1729,9394,52.85,0.23,0.7,5
1730,9607,52.89,0.25,0.64,5
1731,9452,52.94,0.25,0.59,5
1732,10078,52.99,0.25,0.6,5
1733,10299,53.03,0.25,0.57,5
1734,10259,53.08,0.24,0.59,5
1735,10014,53.12,0.25,0.6,5
1736,10756,53.17,0.25,0.59,5
1737,10177,53.09,0.25,0.63,5
1738,10365,53.01,0.25,0.61,5
1739,10294,52.93,0.25,0.6,5
1740,10119,52.85,0.24,0.67,5
1741,10412,52.77,0.24,0.73,5
1742,10649,52.69,0.24,0.67,5
1743,10396,52.62,0.25,0.63,5
1744,10249,52.54,0.25,0.57,5
1745,10397,52.46,0.25,0.57,5
1746,10722,52.38,0.25,0.63,5
1747,11208,52.3,0.25,0.61,5
1748,11085,52.22,0.25,0.63,5
1749,11017,52.15,0.25,0.65,5
1750,11174,52.07,0.25,0.64,5
1751,10930,51.99,0.25,0.66,5
1752,11466,51.91,0.25,0.7,5
1753,11565,51.84,0.25,0.69,5
1754,11239,51.76,0.25,0.68,5
1755,11577,51.68,0.25,0.65,5
1756,11378,51.61,0.25,0.7,5
1757,12031,51.53,0.23,0.89,5
1758,12195,51.45,0.23,0.84,5
1759,12385,51.38,0.25,0.73,5
1760,12742,51.3,0.24,0.67,5
1761,13247,51.63,0.24,0.67,5
1762,12875,51.96,0.24,0.69,5
1763,12830,52.29,0.27,0.71,5
1764,12822,52.63,0.26,0.77,5
1765,12715,52.97,0.26,0.82,5
1766,12882,53.31,0.26,0.82,5
1767,12968,53.65,0.26,0.94,5
1768,13084,54,0.29,0.92,5
1769,13821,54.34,0.29,0.79,5
1770,13440,54.69,0.29,0.83,5
1771,13688,55.04,0.29,0.87,5
1772,13335,55.4,0.29,0.92,5
1773,13570,55.75,0.29,0.92,5
1774,13265,56.11,0.29,0.91,5
1775,13686,56.47,0.29,0.9,5
1776,14126,56.83,0.29,0.84,5
1777,14532,57.2,0.3,0.88,5
1778,14427,57.57,0.31,0.89,5
1779,14384,57.94,0.31,0.85,5
1780,15038,58.31,0.31,0.85,5
1781,15463,58.68,0.32,0.94,5
1782,15306,59.06,0.32,0.95,5
1783,15223,59.44,0.32,0.95,5
1784,15280,59.82,0.31,0.9,5
1785,15170,60.2,0.31,0.86,5
1786,15432,60.59,0.32,0.86,5
1787,15172,60.98,0.32,0.87,5
1788,15134,61.37,0.32,0.88,5
1789,15469,61.77,0.33,0.88,5
1790,16639,62.16,0.34,0.94,5
1791,16707,62.56,0.34,0.93,5
1792,17374,62.96,0.35,0.91,5
1793,17088,63.37,0.37,0.96,5
1794,16532,63.78,0.38,0.99,5
1795,18323,64.19,0.41,1.15,5
1796,18648,64.6,0.43,1.18,5
1797,18508,65.01,0.44,1.06,5
1798,18682,65.43,0.45,1.07,5
1799,19169,65.85,0.48,1.3,5
1800,20098,66.27,0.5,1.69,5
1801,20275,66.29,0.5,1.59,5
1802,20500,66.31,0.49,1.23,5
1803,20062,66.33,0.5,1.21,5
1804,20036,66.35,0.53,1.3,5
1805,21249,66.37,0.56,1.46,5
1806,21159,66.39,0.57,1.4,5
1807,22537,66.4,0.57,1.39,5
1808,21477,66.42,0.57,1.46,5
1809,22145,66.44,0.58,1.6,5
1810,23567,66.46,0.6,1.61,5
1811,23314,66.48,0.6,1.64,5
1812,22345,66.5,0.61,1.82,5
1813,23555,66.52,0.61,1.83,5
1814,23026,66.53,0.6,1.65,5
1815,25484,66.55,0.58,1.41,5
1816,24140,66.57,0.57,1.54,5
1817,24540,66.59,0.56,1.56,5
1818,24508,66.61,0.55,1.52,5
1819,24097,66.63,0.54,1.46,5
1820,26052,66.65,0.53,1.36,5
1821,26492,66.66,0.5,1.26,5
1822,27002,66.68,0.49,1.16,4.42
1823,27795,66.7,0.49,1.2,4
1824,29317,66.72,0.49,1.25,4
1825,29973,66.74,0.5,1.32,4.08
1826,28361,66.76,0.5,1.26,5
1827,30544,66.78,0.49,1.2,4.5
1828,30631,66.79,0.49,1.21,4
1829,30883,66.81,0.49,1.24,4
1830,32263,66.83,0.48,1.2,4
1831,33262,66.7,0.48,1.22,4
1832,33414,66.56,0.49,1.17,4
1833,33794,66.43,0.49,1.13,4
1834,34983,66.3,0.49,1.1,4
1835,37098,66.16,0.48,1.06,4
1836,38068,66.03,0.49,1.16,4.39
1837,37744,65.9,0.5,1.2,5
1838,39586,65.77,0.51,1.25,4.12
1839,40484,65.63,0.52,1.29,5.11
1840,40614,65.5,0.52,1.28,5.06
1841,39484,65.37,0.52,1.26,5
1842,39153,65.24,0.52,1.19,4.26
1843,40410,65.11,0.51,1.09,4
1844,43558,64.98,0.51,1.13,3.52
1845,45577,64.85,0.52,1.13,2.68
1846,48212,64.72,0.54,1.26,3.33
1847,47672,64.59,0.55,1.36,5.18
1848,48734,64.46,0.53,1.16,3.72
1849,49122,64.33,0.52,1.11,2.95
1850,48432,64.2,0.52,1.07,2.51
1851,50533,64.07,0.52,1.04,3
1852,52065,63.94,0.53,1.06,2.15
1853,53992,63.81,0.56,1.22,3.7
1854,56304,63.68,0.59,1.32,5.12
1855,55666,63.55,0.6,1.35,4.89
1856,58182,63.43,0.61,1.35,5.95
1857,58774,63.31,0.61,1.32,6.66
1858,58569,63.18,0.59,1.19,3.21
1859,60800,63.06,0.6,1.2,2.74
1860,62356,62.94,0.61,1.29,4.19
1861,63499,62.72,0.62,1.31,5.24
1862,62992,62.46,0.62,1.3,2.53
1863,66439,62.46,0.62,1.25,4.42
1864,67403,62.4,0.63,1.23,7.35
1865,70609,62.33,0.65,1.25,4.77
1866,71603,61.93,0.67,1.33,6.94
1867,71989,61.65,0.68,1.41,2.54
1868,74875,61.26,0.67,1.36,2.1
1869,76758,61.22,0.67,1.27,3.2
1870,82871,61.22,0.68,1.28,3.1
1871,87729,60.94,0.7,1.31,2.88
1872,88093,59.75,0.74,1.37,4.1
1873,88709,58.4,0.78,1.38,4.8
1874,92472,57.73,0.77,1.32,3.7
1875,93242,57.51,0.77,1.3,3.23
1876,93568,57.49,0.77,1.3,2.6
1877,94340,57.34,0.77,1.3,2.91
1878,94295,57.28,0.76,1.26,3.78
1879,92472,57.3,0.75,1.2,2.51
1880,99439,57.71,0.75,1.23,2.76
1881,102032,57.58,0.76,1.21,3.49
1882,103728,57.59,0.76,1.22,4.15
1883,106880,57.58,0.77,1.22,3.57
1884,105691,57.56,0.76,1.17,2.96
1885,104574,57.57,0.76,1.13,2.92
1886,104932,57.58,0.75,1.12,3.06
1887,109518,57.59,0.75,1.1,3.34
1888,113242,57.6,0.76,1.1,3.31
1889,116980,57.6,0.78,1.11,3.56
1890,118163,57.61,0.81,1.11,4.52
1891,121795,57.35,0.82,1.12,3.32
1892,118737,57.28,0.82,1.12,2.52
1893,117668,56.93,0.82,1.1,3.06
1894,123579,57.09,0.82,1.07,2.11
1895,127647,57.14,0.82,1.06,2
1896,133058,57.01,0.83,1.06,2.48
1897,135019,56.88,0.85,1.08,2.63
1898,141726,56.32,0.86,1.1,3.25
1899,147257,56.77,0.88,1.09,3.76
1900,147356,56.73,0.9,1.13,3.96
1901,150837,56.72,0.91,1.13,3.75
1902,153241,56.59,0.91,1.13,3.33
1903,151617,56.61,0.92,1.14,3.75
1904,153714,56.63,0.92,1.14,3.29
1905,158930,56.62,0.92,1.14,3.01
1906,162943,56.6,0.93,1.14,4.27
1907,167047,56.58,0.95,1.16,4.93
1908,160492,56.42,0.96,1.17,3
1909,164368,56.32,0.96,1.17,3.11
1910,169147,56.26,0.97,1.2,3.72
1911,174587,56.26,0.98,1.2,3.47
1912,177560,55.95,1.01,1.24,3.78
1913,185317,55.92,1.04,1.24,4.77
1914,188942,55.75,1.05,1.28,4.04
1915,199235,55.76,1.21,1.43,5
1916,201400,55.71,1.38,1.69,5.47
1917,200171,55.64,1.76,2.12,5.15
1918,203906,55.59,2.19,2.59,5
1919,187816,50.34,2.5,2.85,5.15
1920,176887,48.34,2.88,3.29,6.71
1921,159749,46.26,2.7,3.01,6.09
1922,168269,46.72,2.17,2.58,3.69
1923,173294,46.21,2,2.43,3.49
1924,181514,45.62,2.03,2.41,4
1925,187945,46.08,2.05,2.42,4.58
1926,182123,45.65,2,2.4,5
1927,196173,46.99,2.04,2.34,4.65
1928,197969,46.91,2.01,2.34,4.5
1929,203664,46.67,2.02,2.31,5.5
1930,202089,46.51,2,2.25,3.41
1931,192757,46.48,1.96,2.15,3.97
1932,193013,46.44,1.92,2.1,3
1933,199279,46.4,1.91,2.05,2
1934,211304,46.47,1.93,2.05,2
1935,219260,46.75,1.96,2.07,2
1936,229862,47,2.01,2.08,2
1937,238059,47.2,2.06,2.15,2
1938,240060,45.14,2.15,2.19,2
1939,250785,46.04,2.17,2.25,2.27
1940,275846,46.94,2.79,2.63,2
1941,300057,46.76,3.05,2.91,2
1942,305632,46.58,3.43,3.12,2
1943,311082,46.4,3.78,3.22,2
1944,297583,46.21,3.84,3.31,2
1945,284156,44.51,3.82,3.4,2
1946,277347,43.77,3.97,3.51,2
1947,273982,42.31,4.27,3.75,2
1948,282806,41.94,4.66,4.04,2
1949,292553,41.75,4.86,4.16,2
1950,302432,42,5.08,4.32,2
1951,313963,42.17,5.58,4.71,2.07
1952,319153,41.56,6.04,5.21,3.71
1953,336989,41.63,6.4,5.4,3.85
1954,351677,41.71,6.82,5.52,3.18
1955,365337,41.68,7.4,5.8,4.32
1956,371470,41.42,8,6.1,5.37
1957,378804,41.01,8.43,6.34,5.62
1958,383828,40.43,8.73,6.52,5.39
1959,399831,40.62,8.96,6.56,4
1960,425188,40.45,9.48,6.61,5.35
1961,436823,39.75,10.15,6.83,5.67
1962,441844,39.02,10.5,7.11,4.86
1963,463646,38.86,10.95,7.26,4
1964,489587,38.86,11.88,7.5,5.06
1965,500279,38.42,12.68,7.82,6.42
1966,508385,37.34,13.5,8.13,6.47
1967,522808,37.11,14,8.31,6.16
1968,551593,36.97,15.19,8.64,7.47
1969,562496,36.78,16.36,9.09,7.84
1970,578087,35.98,18.43,9.69,7.23
1971,598523,35.2,20.64,10.6,5.92
1972,623323,35.6,23.25,11.36,5.88
1973,663649,35.77,26.62,12.42,9.86
1974,646956,35.49,31.65,14.38,11.95
1975,637048,34.89,40.82,17.64,10.8
1976,655374,34.75,47.55,20.4,11.73
1977,671224,34.94,52.29,23.45,8.46
1978,699077,34.96,59.23,25.2,9.14
1979,724874,34.91,69.14,28.07,13.76
1980,709767,34.33,83.99,32.32,16.3
1981,703930,33.64,95.56,36.14,13.16
1982,718494,33.57,104.82,39.07,11.95
1983,749210,33.45,113.91,41,9.86
1984,766651,33.57,121.02,42.74,9.67
1985,799170,33.62,131.8,44.84,12.06
1986,824801,33.51,142.27,46.34,10.74
1987,869460,33.61,153.54,47.82,9.6
1988,920259,33.74,167.66,49.62,9.95
1989,944522,33.82,183.73,52.22,13.68
1990,951790,33.58,203.12,55.86,14.64
1991,941631,33.09,218.93,60.07,11.56
1992,944232,32.97,232.05,62.63,9.43
1993,967096,32.89,238.97,64.2,5.89
1994,1003827,33.09,247.98,65.47,5.34
1995,1028125,33.13,256.08,67.21,6.57
1996,1053444,33.12,265.37,68.82,5.88
1997,1085474,33.1,277.08,70.07,6.55
1998,1124397,33.02,291.5,71.17,7.23
1999,1164715,32.86,304.84,72.11,5.35
2000,1201398,32.56,317.67,72.69,5.96
2001,1237291,32.62,334,73.58,5.12
2002,1269281,32.28,344.58,74.51,4
2003,1315119,32.1,355.67,75.52,3.69
2004,1344096,32.05,371.17,76.54,4.38
2005,1380757,32.11,388.5,78.11,4.65
2006,1410161,32,406.75,79.93,4.64
2007,1450845,32.04,426.58,81.79,5.51
2008,1438728,31.93,441.75,84.73,4.67
2009,1380762,31.51,441.42,86.57,0.64
2010,1409477,31.6,451.58,89.42,0.5
2011,1429366,31.56,462.17,93.41,0.5
2012,1455375,31.83,468.5,96.06,0.5
2013,1483697,32.04,474,98.52,0.5
2014,1534814,32.16,479.83,99.96,0.5
2015,1571982,32.1,491.5,100,0.5
2016,1600372,32.08,503.17,100.66,0.4